{"cameraMode":{"drawMode":0,"name":"Shaded","section":"Shading Mode"},"sceneLighting":false,"audioPlay":false,"sceneViewState":{"showFog":true,"showMaterialUpdate":false,"showSkybox":true,"showFlares":true,"showImageEffects":true,"showParticleSystems":true},"in2DMode":false,"pivot":{"x":56.641700744628909,"y":-112.21154022216797,"z":-143.4275665283203},"rotation":{"x":0.05587834119796753,"y":0.936417818069458,"z":-0.29892972111701968,"w":0.1750437170267105},"size":207.21018981933595,"orthographic":false}